feature_name,rf_importance
cancellation_risk_score_scaled,0.13756616896882068
deposit_type_Non_Refund,0.09058432666046667
country_target_encoded,0.0668429582067577
deposit_type_No_Deposit,0.05385889218181879
agent_target_encoded,0.05024527344829224
country_hist_cancel_rate_scaled,0.043022698868475075
agent_hist_cancel_rate_scaled,0.042741653120032155
customer_group_key_target_encoded,0.040756898395763415
lead_time_scaled,0.036277722579255364
lead_time_group_0_7,0.03600713274688366
customer_group_hist_cancel_rate_scaled,0.03546877997422435
room_type_matched_scaled,0.030656113065892342
total_of_special_requests_scaled,0.02540935491037867
special_request_group_0,0.02171123413952502
has_special_requests_scaled,0.02014214870638116
customer_group_hist_avg_adr_scaled,0.019822143579100344
country_hist_booking_count_scaled,0.019544535764884508
previous_cancellations_scaled,0.0190871455731412
has_car_parking_request_scaled,0.018206783998460964
group_booking_count_scaled,0.01749566784383158
group_avg_revenue_scaled,0.0171279621677547
required_car_parking_spaces_scaled,0.010456497236992456
market_segment_Online_TA,0.009153648422200785
customer_type_Transient,0.008447655001898018
agent_hist_booking_count_scaled,0.008117551949912913
market_segment_Groups,0.008087805231545486
booking_changes_scaled,0.007759603238034675
special_request_group_1,0.006933973682065189
is_high_risk_country_scaled,0.006894529846459628
is_high_risk_agent_scaled,0.006673105191724359
has_booking_changes_scaled,0.006119562115503377
market_segment_Offline_TA_TO,0.005223342509917605
distribution_channel_TA_TO,0.005004001034613341
lead_time_group_181,0.004807304511523652
assigned_room_type_A,0.004397995973182789
estimated_revenue_scaled,0.0036744567599901394
adr_scaled,0.0035516362386391028
price_to_hotel_hist_avg_scaled,0.0034766795795295046
customer_type_Transient_Party,0.0034288674974314276
price_to_city_hist_avg_scaled,0.003418053726159215
customer_group_hist_booking_count_scaled,0.002811663098427632
rfm_value_score_scaled,0.0026421266409132377
total_stays_scaled,0.002597530235080592
price_to_customer_group_hist_avg_scaled,0.0023049519458503186
previous_bookings_not_canceled_scaled,0.0021376382013813945
distribution_channel_Direct,0.0021158755931581655
hotel_hist_cancel_rate_scaled,0.0018215783272309929
market_segment_Direct,0.0018041653127000134
reserved_room_type_A,0.0015845358761578084
hotel_target_encoded,0.0015022182438988033
assigned_room_type_D,0.0013502163372198373
price_volatility_index_scaled,0.0011890233528094865
arrival_month_num_scaled,0.0011833655050311543
stays_in_week_nights_scaled,0.0009165832770612179
special_request_group_2,0.0008964352418613962
hotel_type_Resort_Hotel,0.000888347007143842
adults_scaled,0.0008482288305924211
total_guests_scaled,0.000821296932617126
price_sensitivity_score_scaled,0.0008124791784444049
arrival_date_week_number_scaled,0.0007842580805890744
hotel_hist_avg_adr_scaled,0.0007747600102156853
hotel_hist_booking_count_scaled,0.0007414114606592662
lead_time_group_8_30,0.0006882952641416985
distribution_channel_Corporate,0.0006059497995349253
company_scaled,0.0005845577373028805
stays_in_weekend_nights_scaled,0.0005816274242954542
lead_time_group_31_90,0.0005498359381951965
arrival_quarter_label_2024Q1,0.0005150280340726605
meal_SC,0.00048058830453778106
is_repeated_guest_scaled,0.0003875373658163167
customer_type_Contract,0.0003619652298910301
hotel_type_City_Hotel,0.00029972265100863105
arrival_month_2024_01,0.00024324081812480733
hotel_daily_booking_count_scaled,0.00023816238399585387
meal_HB,0.00022992872493703267
meal_BB,0.00022362478297972921
group_recency_days_scaled,0.00022185510332309427
city_hist_avg_adr_scaled,0.0002118552097473787
lead_time_group_91_180,0.00020612835006613252
arrival_date_day_of_month_scaled,0.00018901278206347018
arrival_quarter_scaled,0.0001835842139123557
days_in_waiting_list_scaled,0.0001769190734807556
reserved_room_type_D,0.0001724808577189685
estimated_occupancy_proxy_scaled,0.00017229990013145562
rfm_segment_高价值,0.0001455814820849259
demand_pressure_score_scaled,0.00013356066235489127
market_segment_Corporate,0.0001214918712974713
arrival_date_month_January,0.00011477637614063859
season_type_旺季,8.701779893324429e-05
meal_Undefined,8.448112368807331e-05
special_request_group_3,8.141922167613406e-05
arrival_day_of_week_scaled,7.098191605288489e-05
children_scaled,7.014141023522524e-05
is_low_season_scaled,6.454806175454563e-05
meal_FB,6.18071452327699e-05
arrival_quarter_label_2024Q2,5.993593213042133e-05
assigned_room_type_B,4.757013784283894e-05
has_children_or_babies_scaled,4.629612136494816e-05
assigned_room_type_F,3.18782448529176e-05
is_peak_season_scaled,2.9813179760301263e-05
arrival_month_2024_03,2.9340670300610197e-05
reserved_room_type_B,2.7104540948452726e-05
assigned_room_type_C,2.632021392665218e-05
special_request_group_4,2.591762254382587e-05
holiday_proxy_周末_节假日代理,2.4162340889757486e-05
assigned_room_type_E,2.2407363468926093e-05
season_type_淡季,2.1139836927150035e-05
season_type_平季,2.0220895252227914e-05
is_weekend_scaled,1.958311341287106e-05
assigned_room_type_G,1.9152655383638604e-05
arrival_quarter_label_2024Q3,1.830524957935752e-05
holiday_proxy_工作日,1.681878108832937e-05
is_high_value_customer_group_scaled,1.647406410760778e-05
is_near_holiday_proxy_scaled,1.2515832830908143e-05
arrival_date_month_March,1.2187273442287202e-05
is_holiday_proxy_scaled,1.0783994018402303e-05
arrival_date_month_August,1.0202166325363386e-05
rfm_segment_潜力,1.0148841443841392e-05
market_segment_Aviation,9.628044964074366e-06
arrival_date_month_May,9.253572649186138e-06
arrival_month_2024_06,9.149800084473017e-06
arrival_date_month_February,9.147769052992783e-06
arrival_month_2024_02,8.673519514893981e-06
city_Hyderabad,7.986726178292694e-06
arrival_month_2024_08,7.893648540199555e-06
city_Delhi,6.384486711365725e-06
city_Chennai,6.091485586396898e-06
city_Indore,6.077150893634986e-06
city_Bhopal,5.904956803404332e-06
arrival_month_2024_04,5.577588789862247e-06
city_Pune,5.4825978628554e-06
city_Ahmedabad,5.055036264745512e-06
city_Mumbai,4.987554656860385e-06
arrival_date_month_July,4.858970539268388e-06
city_Goa,4.459778665000417e-06
arrival_date_month_June,4.349045500598682e-06
arrival_month_2024_05,4.065825166590253e-06
arrival_month_2024_07,3.932581666617388e-06
city_Kolkata,3.728395677192251e-06
distribution_channel_GDS,3.6159989240129334e-06
arrival_date_month_April,3.387524474581006e-06
city_Jaipur,3.11332043911711e-06
reserved_room_type_E,2.819627531731405e-06
city_Chandigarh,1.9423560718502337e-06
city_Bangalore,1.5970352128539479e-06
city_Lucknow,6.839721206478085e-07
customer_type_Group,5.854255992736333e-07
reserved_room_type_F,4.991192037535505e-07
city_Kochi,2.2765757534203702e-07
babies_scaled,0.0
market_segment_Undefined,0.0
reserved_room_type_P,0.0
reserved_room_type_G,0.0
reserved_room_type_H,0.0
reserved_room_type_L,0.0
distribution_channel_Undefined,0.0
reserved_room_type_C,0.0
market_segment_Complementary,0.0
assigned_room_type_P,0.0
assigned_room_type_L,0.0
assigned_room_type_K,0.0
assigned_room_type_I,0.0
assigned_room_type_H,0.0
deposit_type_Refundable,0.0
special_request_group_5,0.0
rfm_segment_流失,0.0
rfm_segment_沉睡,0.0
